Task ID, Task Name,Task Type,Task Priority,Offset,Duration min,Duration max,Task Period (ms),Minimum interarrival-time (ms),Maximum Interarrival time,Task Deadline, Deadline Type, Dependencies, Triggers
1,t01,Aperiodic,3,0.000000,0.004000,0.004000,0.020000,0.020000,0.040000,0.020000,HARD,,
2,t02,Periodic,5,0.000000,0.003400,0.005800,0.010000,,,0.010000,HARD,,
3,t03,Periodic,4,0.000000,0.000200,0.000200,0.010000,,,0.010000,HARD,,
4,t04,Aperiodic,1,0.000000,0.028200,0.047200,0.290000,0.290000,0.490000,0.290000,HARD,,
5,t05,Aperiodic,2,0.000000,0.033200,0.033200,0.120000,0.120000,0.220000,0.120000,HARD,,

