Task ID, Task Name,Task Type,Task Priority,Offset,Duration min,Duration max,Task Period (ms),Minimum interarrival-time (ms),Maximum Interarrival time,Task Deadline, Deadline Type, Dependencies, Triggers
1,t01,Aperiodic,4,0.000000,0.027200,0.027200,0.150000,0.150000,0.250000,0.150000,HARD,,
2,t02,Periodic,5,0.000000,0.003700,0.003700,0.010000,,,0.010000,HARD,,
3,t03,Aperiodic,2,0.000000,0.018100,0.018100,0.450000,0.450000,0.770000,0.450000,HARD,,
4,t04,Periodic,1,0.000000,0.045000,0.075000,0.900000,,,0.900000,HARD,,
5,t05,Aperiodic,3,0.000000,0.098800,0.164800,0.330000,0.330000,0.570000,0.330000,HARD,,

