Task ID, Task Name,Task Type,Task Priority,Offset,Duration min,Duration max,Task Period (ms),Minimum interarrival-time (ms),Maximum Interarrival time,Task Deadline, Deadline Type, Dependencies, Triggers
1,t01,Periodic,2,0.000000,0.045500,0.075900,0.170000,,,0.170000,HARD,,
2,t02,Periodic,3,0.000000,0.004800,0.004800,0.090000,,,0.090000,HARD,,
3,t03,Aperiodic,1,0.000000,0.147700,0.147700,0.340000,0.340000,0.580000,0.340000,HARD,,
4,t04,Aperiodic,4,0.000000,0.006300,0.010500,0.040000,0.040000,0.080000,0.040000,HARD,,
5,t05,Aperiodic,5,0.000000,0.000600,0.000600,0.010000,0.010000,0.030000,0.010000,HARD,,

