Task ID, Task Name,Task Type,Task Priority,Offset,Duration min,Duration max,Task Period (ms),Minimum interarrival-time (ms),Maximum Interarrival time,Task Deadline, Deadline Type, Dependencies, Triggers
1,t01,Aperiodic,4,0.000000,0.006100,0.006100,0.020000,0.020000,0.040000,0.020000,HARD,,
2,t02,Periodic,5,0.000000,0.000700,0.001300,0.010000,,,0.010000,HARD,,
3,t03,Aperiodic,1,0.000000,0.047100,0.047100,0.170000,0.170000,0.290000,0.170000,HARD,,
4,t04,Periodic,2,0.000000,0.000100,0.000300,0.140000,,,0.140000,HARD,,
5,t05,Aperiodic,3,0.000000,0.023200,0.023200,0.040000,0.040000,0.080000,0.040000,HARD,,

