Task ID, Task Name,Task Type,Task Priority,Offset,Duration min,Duration max,Task Period (ms),Minimum interarrival-time (ms),Maximum Interarrival time,Task Deadline, Deadline Type, Dependencies, Triggers
1,t01,Periodic,5,0.000000,0.000500,0.000900,0.010000,,,0.010000,HARD,,
2,t02,Periodic,4,0.000000,0.000500,0.000500,0.010000,,,0.010000,HARD,,
3,t03,Aperiodic,1,0.000000,0.466900,0.466900,0.740000,0.740000,1.240000,0.740000,HARD,,
4,t04,Aperiodic,3,0.000000,0.019600,0.032800,0.270000,0.270000,0.470000,0.270000,HARD,,
5,t05,Aperiodic,2,0.000000,0.189300,0.189300,0.590000,0.590000,0.990000,0.590000,HARD,,

