Task ID, Task Name,Task Type,Task Priority,Offset,Duration min,Duration max,Task Period (ms),Minimum interarrival-time (ms),Maximum Interarrival time,Task Deadline, Deadline Type, Dependencies, Triggers
1,t01,Periodic,3,0.000000,0.004400,0.004400,0.120000,,,0.120000,HARD,,
2,t02,Periodic,2,0.000000,0.057400,0.057400,0.150000,,,0.150000,HARD,,
3,t03,Aperiodic,4,0.000000,0.011600,0.019400,0.060000,0.060000,0.120000,0.060000,HARD,,
4,t04,Aperiodic,1,0.000000,0.015100,0.015100,0.280000,0.280000,0.480000,0.280000,HARD,,
5,t05,Aperiodic,5,0.000000,0.004000,0.006800,0.010000,0.010000,0.030000,0.010000,HARD,,

