Task ID, Task Name,Task Type,Task Priority,Offset,Duration min,Duration max,Task Period (ms),Minimum interarrival-time (ms),Maximum Interarrival time,Task Deadline, Deadline Type, Dependencies, Triggers
1,t01,Aperiodic,2,0.000000,0.228000,0.228000,0.570000,0.570000,0.950000,0.570000,HARD,,
2,t02,Periodic,5,0.000000,0.000800,0.001400,0.010000,,,0.010000,HARD,,
3,t03,Aperiodic,1,0.000000,0.234500,0.390900,0.720000,0.720000,1.200000,0.720000,HARD,,
4,t04,Aperiodic,3,0.000000,0.042500,0.042500,0.320000,0.320000,0.540000,0.320000,HARD,,
5,t05,Periodic,4,0.000000,0.000600,0.000600,0.010000,,,0.010000,HARD,,

