Task ID, Task Name,Task Type,Task Priority,Offset,Duration min,Duration max,Task Period (ms),Minimum interarrival-time (ms),Maximum Interarrival time,Task Deadline, Deadline Type, Dependencies, Triggers
1,t01,Aperiodic,3,0.000000,0.004200,0.004200,0.030000,0.030000,0.050000,0.030000,HARD,,
2,t02,Periodic,4,0.000000,0.009600,0.009600,0.020000,,,0.020000,HARD,,
3,t03,Aperiodic,1,0.000000,0.029600,0.049400,0.160000,0.160000,0.280000,0.160000,HARD,,
4,t04,Aperiodic,5,0.000000,0.000400,0.000400,0.010000,0.010000,0.030000,0.010000,HARD,,
5,t05,Periodic,2,0.000000,0.009600,0.016000,0.110000,,,0.110000,HARD,,

