Task ID, Task Name,Task Type,Task Priority,Offset,Duration min,Duration max,Task Period (ms),Minimum interarrival-time (ms),Maximum Interarrival time,Task Deadline, Deadline Type, Dependencies, Triggers
1,t01,Periodic,2,0.000000,0.001700,0.001700,0.160000,,,0.160000,HARD,,
2,t02,Aperiodic,3,0.000000,0.037500,0.062500,0.090000,0.090000,0.170000,0.090000,HARD,,
3,t03,Aperiodic,1,0.000000,0.007500,0.012500,0.200000,0.200000,0.340000,0.200000,HARD,,
4,t04,Aperiodic,4,0.000000,0.027700,0.027700,0.050000,0.050000,0.090000,0.050000,HARD,,
5,t05,Periodic,5,0.000000,0.000700,0.000700,0.010000,,,0.010000,HARD,,

