Task ID, Task Name,Task Type,Task Priority,Offset,Duration min,Duration max,Task Period (ms),Minimum interarrival-time (ms),Maximum Interarrival time,Task Deadline, Deadline Type, Dependencies, Triggers
1,t01,Aperiodic,1,0.000000,0.217900,0.217900,0.600000,0.600000,1.000000,0.600000,HARD,,
2,t02,Periodic,5,0.000000,0.001600,0.001600,0.010000,,,0.010000,HARD,,
3,t03,Periodic,4,0.000000,0.000300,0.000300,0.010000,,,0.010000,HARD,,
4,t04,Aperiodic,3,0.000000,0.011700,0.019700,0.080000,0.080000,0.140000,0.080000,HARD,,
5,t05,Aperiodic,2,0.000000,0.099900,0.166500,0.330000,0.330000,0.550000,0.330000,HARD,,

